{
  "config_general": {
    "lighteval_sha": "?",
    "num_fewshot_seeds": 1,
    "max_samples": null,
    "job_id": 0,
    "start_time": 2604971.902723051,
    "end_time": 2606632.930170903,
    "total_evaluation_time_secondes": "1661.0274478518404",
    "model_name": "deepseek-ai/DeepSeek-R1-Distill-Qwen-1.5B",
    "model_sha": "",
    "model_dtype": null,
    "model_size": null,
    "generation_parameters": {
      "early_stopping": null,
      "repetition_penalty": null,
      "frequency_penalty": null,
      "length_penalty": null,
      "presence_penalty": null,
      "max_new_tokens": 32768,
      "min_new_tokens": null,
      "seed": null,
      "stop_tokens": null,
      "temperature": 0.6,
      "top_k": null,
      "min_p": null,
      "top_p": 0.95,
      "truncate_prompt": null,
      "response_format": null
    }
  },
  "results": {
    "lighteval|aime25|0": {
      "math_pass@1:1_samples": 0.23333333333333334,
      "math_pass@1:1_samples_stderr": 0.0785403232453173,
      "math_pass@1:4_samples": 0.2,
      "math_pass@1:4_samples_stderr": 0.059209349991676,
      "math_pass@1:8_samples": 0.22083333333333333,
      "math_pass@1:8_samples_stderr": 0.06013733484405168,
      "math_pass@1:16_samples": 0.21666666666666667,
      "math_pass@1:16_samples_stderr": 0.059158773959561296,
      "math_pass@1:32_samples": 0.21770833333333334,
      "math_pass@1:32_samples_stderr": 0.05922609377957467,
      "math_pass@1:64_samples": 0.21770833333333334,
      "math_pass@1:64_samples_stderr": 0.06099541959594854
    },
    "all": {
      "math_pass@1:1_samples": 0.23333333333333334,
      "math_pass@1:1_samples_stderr": 0.0785403232453173,
      "math_pass@1:4_samples": 0.2,
      "math_pass@1:4_samples_stderr": 0.059209349991676,
      "math_pass@1:8_samples": 0.22083333333333333,
      "math_pass@1:8_samples_stderr": 0.06013733484405168,
      "math_pass@1:16_samples": 0.21666666666666667,
      "math_pass@1:16_samples_stderr": 0.059158773959561296,
      "math_pass@1:32_samples": 0.21770833333333334,
      "math_pass@1:32_samples_stderr": 0.05922609377957467,
      "math_pass@1:64_samples": 0.21770833333333334,
      "math_pass@1:64_samples_stderr": 0.06099541959594854
    }
  },
  "versions": {
    "lighteval|aime25|0": 2
  },
  "config_tasks": {
    "lighteval|aime25": {
      "name": "aime25",
      "prompt_function": "aime_prompt_fn",
      "hf_repo": "yentinglin/aime_2025",
      "hf_subset": "default",
      "metric": [
        {
          "metric_name": "math_pass@1:1_samples",
          "higher_is_better": true,
          "category": "5",
          "use_case": "6",
          "sample_level_fn": "compute",
          "corpus_level_fn": "mean"
        },
        {
          "metric_name": "math_pass@1:4_samples",
          "higher_is_better": true,
          "category": "5",
          "use_case": "6",
          "sample_level_fn": "compute",
          "corpus_level_fn": "mean"
        },
        {
          "metric_name": "math_pass@1:8_samples",
          "higher_is_better": true,
          "category": "5",
          "use_case": "6",
          "sample_level_fn": "compute",
          "corpus_level_fn": "mean"
        },
        {
          "metric_name": "math_pass@1:16_samples",
          "higher_is_better": true,
          "category": "5",
          "use_case": "6",
          "sample_level_fn": "compute",
          "corpus_level_fn": "mean"
        },
        {
          "metric_name": "math_pass@1:32_samples",
          "higher_is_better": true,
          "category": "5",
          "use_case": "6",
          "sample_level_fn": "compute",
          "corpus_level_fn": "mean"
        },
        {
          "metric_name": "math_pass@1:64_samples",
          "higher_is_better": true,
          "category": "5",
          "use_case": "6",
          "sample_level_fn": "compute",
          "corpus_level_fn": "mean"
        }
      ],
      "hf_revision": null,
      "hf_filter": null,
      "hf_avail_splits": [
        "train"
      ],
      "trust_dataset": false,
      "evaluation_splits": [
        "train"
      ],
      "few_shots_split": null,
      "few_shots_select": null,
      "generation_size": 10000,
      "generation_grammar": null,
      "stop_sequence": [],
      "num_samples": null,
      "suite": [
        "lighteval"
      ],
      "original_num_docs": 30,
      "effective_num_docs": 30,
      "must_remove_duplicate_docs": false,
      "version": 2
    }
  },
  "summary_tasks": {
    "lighteval|aime25|0": {
      "hashes": {
        "hash_examples": "76561f892edc3343",
        "hash_full_prompts": "f7f3867a71ee06da",
        "hash_input_tokens": "a5f0035ccca29c36",
        "hash_cont_tokens": "13d4685928ba6e40"
      },
      "truncated": 0,
      "non_truncated": 30,
      "padded": 0,
      "non_padded": 30,
      "effective_few_shots": 0.0,
      "num_truncated_few_shots": 0
    }
  },
  "summary_general": {
    "hashes": {
      "hash_examples": "9ab54f3d147b6bdc",
      "hash_full_prompts": "21b59dbb15047511",
      "hash_input_tokens": "bf4fa0eadf8a315d",
      "hash_cont_tokens": "77b5fa7932a2e3c1"
    },
    "truncated": 0,
    "non_truncated": 30,
    "padded": 0,
    "non_padded": 30,
    "num_truncated_few_shots": 0
  }
}