{
  "config_general": {
    "lighteval_sha": "?",
    "num_fewshot_seeds": 1,
    "max_samples": null,
    "job_id": 0,
    "start_time": 2603170.979394602,
    "end_time": 2604937.074269662,
    "total_evaluation_time_secondes": "1766.0948750600219",
    "model_name": "deepseek-ai/DeepSeek-R1-Distill-Qwen-1.5B",
    "model_sha": "",
    "model_dtype": null,
    "model_size": null,
    "generation_parameters": {
      "early_stopping": null,
      "repetition_penalty": null,
      "frequency_penalty": null,
      "length_penalty": null,
      "presence_penalty": null,
      "max_new_tokens": 32768,
      "min_new_tokens": null,
      "seed": null,
      "stop_tokens": null,
      "temperature": 0.6,
      "top_k": null,
      "min_p": null,
      "top_p": 0.95,
      "truncate_prompt": null,
      "response_format": null
    }
  },
  "results": {
    "lighteval|aime24|0": {
      "math_pass@1:1_samples": 0.26666666666666666,
      "math_pass@1:1_samples_stderr": 0.08211756827352527,
      "math_pass@1:4_samples": 0.2833333333333333,
      "math_pass@1:4_samples_stderr": 0.06312427686319991,
      "math_pass@1:8_samples": 0.30416666666666664,
      "math_pass@1:8_samples_stderr": 0.05923462181407035,
      "math_pass@1:16_samples": 0.29583333333333334,
      "math_pass@1:16_samples_stderr": 0.05708852438851644,
      "math_pass@1:32_samples": 0.30208333333333326,
      "math_pass@1:32_samples_stderr": 0.055525614537182744,
      "math_pass@1:64_samples": 0.29427083333333337,
      "math_pass@1:64_samples_stderr": 0.05607253361479042
    },
    "all": {
      "math_pass@1:1_samples": 0.26666666666666666,
      "math_pass@1:1_samples_stderr": 0.08211756827352527,
      "math_pass@1:4_samples": 0.2833333333333333,
      "math_pass@1:4_samples_stderr": 0.06312427686319991,
      "math_pass@1:8_samples": 0.30416666666666664,
      "math_pass@1:8_samples_stderr": 0.05923462181407035,
      "math_pass@1:16_samples": 0.29583333333333334,
      "math_pass@1:16_samples_stderr": 0.05708852438851644,
      "math_pass@1:32_samples": 0.30208333333333326,
      "math_pass@1:32_samples_stderr": 0.055525614537182744,
      "math_pass@1:64_samples": 0.29427083333333337,
      "math_pass@1:64_samples_stderr": 0.05607253361479042
    }
  },
  "versions": {
    "lighteval|aime24|0": 2
  },
  "config_tasks": {
    "lighteval|aime24": {
      "name": "aime24",
      "prompt_function": "aime_prompt_fn",
      "hf_repo": "HuggingFaceH4/aime_2024",
      "hf_subset": "default",
      "metric": [
        {
          "metric_name": "math_pass@1:1_samples",
          "higher_is_better": true,
          "category": "5",
          "use_case": "6",
          "sample_level_fn": "compute",
          "corpus_level_fn": "mean"
        },
        {
          "metric_name": "math_pass@1:4_samples",
          "higher_is_better": true,
          "category": "5",
          "use_case": "6",
          "sample_level_fn": "compute",
          "corpus_level_fn": "mean"
        },
        {
          "metric_name": "math_pass@1:8_samples",
          "higher_is_better": true,
          "category": "5",
          "use_case": "6",
          "sample_level_fn": "compute",
          "corpus_level_fn": "mean"
        },
        {
          "metric_name": "math_pass@1:16_samples",
          "higher_is_better": true,
          "category": "5",
          "use_case": "6",
          "sample_level_fn": "compute",
          "corpus_level_fn": "mean"
        },
        {
          "metric_name": "math_pass@1:32_samples",
          "higher_is_better": true,
          "category": "5",
          "use_case": "6",
          "sample_level_fn": "compute",
          "corpus_level_fn": "mean"
        },
        {
          "metric_name": "math_pass@1:64_samples",
          "higher_is_better": true,
          "category": "5",
          "use_case": "6",
          "sample_level_fn": "compute",
          "corpus_level_fn": "mean"
        }
      ],
      "hf_revision": null,
      "hf_filter": null,
      "hf_avail_splits": [
        "train"
      ],
      "trust_dataset": false,
      "evaluation_splits": [
        "train"
      ],
      "few_shots_split": null,
      "few_shots_select": null,
      "generation_size": 32768,
      "generation_grammar": null,
      "stop_sequence": [],
      "num_samples": null,
      "suite": [
        "lighteval"
      ],
      "original_num_docs": 30,
      "effective_num_docs": 30,
      "must_remove_duplicate_docs": false,
      "version": 2
    }
  },
  "summary_tasks": {
    "lighteval|aime24|0": {
      "hashes": {
        "hash_examples": "ddec8fc79d0a014b",
        "hash_full_prompts": "253167becf0dfed7",
        "hash_input_tokens": "bf1cc75b5f12dfb8",
        "hash_cont_tokens": "7754e9a6670afcbf"
      },
      "truncated": 0,
      "non_truncated": 30,
      "padded": 0,
      "non_padded": 30,
      "effective_few_shots": 0.0,
      "num_truncated_few_shots": 0
    }
  },
  "summary_general": {
    "hashes": {
      "hash_examples": "c903e836a519cf98",
      "hash_full_prompts": "84ff409b6bbf7cc0",
      "hash_input_tokens": "9a8c7e54ce09af84",
      "hash_cont_tokens": "f8a3a12f6f367f02"
    },
    "truncated": 0,
    "non_truncated": 30,
    "padded": 0,
    "non_padded": 30,
    "num_truncated_few_shots": 0
  }
}